,Standard deviation,Average,Nb pixels,CV,CVs relative to min value
0,43.59240566897932,183.2591648071406,6274,0.2378729910444335,1.0846609837835743
1,40.91486076937148,186.5649098647972,15976,0.21930630362924255,1.0
