,Standard deviation,Average,Nb pixels,CV,CVs relative to min value
0,42.35977614466143,184.8060330846578,6166,0.22921208489582612,1.0537436367891209
1,40.64539941099656,186.85677508476704,15926,0.2175216787968105,1.0
