,Standard deviation,Average,Nb pixels,CV,CVs relative to min value
0,23.324348540217475,18.840801239013672,?,1.2379700971485075,1.0
1,46.40815721934923,14.099166870117188,?,3.291553156783334,2.6588309074386935
