,Standard deviation,Average,Nb pixels,cv,cvs relative to min value
0,42.06252943643363,185.18586088939566,6139,0.22713683017925407,1.043472192945026
1,40.66864748881743,186.8327683615819,15930,0.21767406138365633,1.0
